0	values_word_embedding_avg_0
1	values_word_embedding_avg_1
2	values_word_embedding_avg_2
3	values_word_embedding_avg_3
4	values_word_embedding_avg_4
5	values_word_embedding_avg_5
6	values_word_embedding_avg_6
7	values_word_embedding_avg_7
8	values_word_embedding_avg_8
9	values_word_embedding_avg_9
10	values_word_embedding_avg_10
11	values_word_embedding_avg_11
12	values_word_embedding_avg_12
13	values_word_embedding_avg_13
14	values_word_embedding_avg_14
15	values_word_embedding_avg_15
16	values_word_embedding_avg_16
17	values_word_embedding_avg_17
18	values_word_embedding_avg_18
19	values_word_embedding_avg_19
20	values_word_embedding_avg_20
21	values_word_embedding_avg_21
22	values_word_embedding_avg_22
23	values_word_embedding_avg_23
24	values_word_embedding_avg_24
25	values_word_embedding_avg_25
26	values_word_embedding_avg_26
27	values_word_embedding_avg_27
28	values_word_embedding_avg_28
29	values_word_embedding_avg_29
30	values_word_embedding_avg_30
31	values_word_embedding_avg_31
32	values_word_embedding_avg_32
33	values_word_embedding_avg_33
34	values_word_embedding_avg_34
35	values_word_embedding_avg_35
36	values_word_embedding_avg_36
37	values_word_embedding_avg_37
38	values_word_embedding_avg_38
39	values_word_embedding_avg_39
40	values_word_embedding_avg_40
41	values_word_embedding_avg_41
42	values_word_embedding_avg_42
43	values_word_embedding_avg_43
44	values_word_embedding_avg_44
45	values_word_embedding_avg_45
46	values_word_embedding_avg_46
47	values_word_embedding_avg_47
48	values_word_embedding_avg_48
49	values_word_embedding_avg_49
50	values_word_embedding_std_0
51	values_word_embedding_std_1
52	values_word_embedding_std_2
53	values_word_embedding_std_3
54	values_word_embedding_std_4
55	values_word_embedding_std_5
56	values_word_embedding_std_6
57	values_word_embedding_std_7
58	values_word_embedding_std_8
59	values_word_embedding_std_9
60	values_word_embedding_std_10
61	values_word_embedding_std_11
62	values_word_embedding_std_12
63	values_word_embedding_std_13
64	values_word_embedding_std_14
65	values_word_embedding_std_15
66	values_word_embedding_std_16
67	values_word_embedding_std_17
68	values_word_embedding_std_18
69	values_word_embedding_std_19
70	values_word_embedding_std_20
71	values_word_embedding_std_21
72	values_word_embedding_std_22
73	values_word_embedding_std_23
74	values_word_embedding_std_24
75	values_word_embedding_std_25
76	values_word_embedding_std_26
77	values_word_embedding_std_27
78	values_word_embedding_std_28
79	values_word_embedding_std_29
80	values_word_embedding_std_30
81	values_word_embedding_std_31
82	values_word_embedding_std_32
83	values_word_embedding_std_33
84	values_word_embedding_std_34
85	values_word_embedding_std_35
86	values_word_embedding_std_36
87	values_word_embedding_std_37
88	values_word_embedding_std_38
89	values_word_embedding_std_39
90	values_word_embedding_std_40
91	values_word_embedding_std_41
92	values_word_embedding_std_42
93	values_word_embedding_std_43
94	values_word_embedding_std_44
95	values_word_embedding_std_45
96	values_word_embedding_std_46
97	values_word_embedding_std_47
98	values_word_embedding_std_48
99	values_word_embedding_std_49
100	values_word_embedding_med_0
101	values_word_embedding_med_1
102	values_word_embedding_med_2
103	values_word_embedding_med_3
104	values_word_embedding_med_4
105	values_word_embedding_med_5
106	values_word_embedding_med_6
107	values_word_embedding_med_7
108	values_word_embedding_med_8
109	values_word_embedding_med_9
110	values_word_embedding_med_10
111	values_word_embedding_med_11
112	values_word_embedding_med_12
113	values_word_embedding_med_13
114	values_word_embedding_med_14
115	values_word_embedding_med_15
116	values_word_embedding_med_16
117	values_word_embedding_med_17
118	values_word_embedding_med_18
119	values_word_embedding_med_19
120	values_word_embedding_med_20
121	values_word_embedding_med_21
122	values_word_embedding_med_22
123	values_word_embedding_med_23
124	values_word_embedding_med_24
125	values_word_embedding_med_25
126	values_word_embedding_med_26
127	values_word_embedding_med_27
128	values_word_embedding_med_28
129	values_word_embedding_med_29
130	values_word_embedding_med_30
131	values_word_embedding_med_31
132	values_word_embedding_med_32
133	values_word_embedding_med_33
134	values_word_embedding_med_34
135	values_word_embedding_med_35
136	values_word_embedding_med_36
137	values_word_embedding_med_37
138	values_word_embedding_med_38
139	values_word_embedding_med_39
140	values_word_embedding_med_40
141	values_word_embedding_med_41
142	values_word_embedding_med_42
143	values_word_embedding_med_43
144	values_word_embedding_med_44
145	values_word_embedding_med_45
146	values_word_embedding_med_46
147	values_word_embedding_med_47
148	values_word_embedding_med_48
149	values_word_embedding_med_49
150	values_word_embedding_mode_0
151	values_word_embedding_mode_1
152	values_word_embedding_mode_2
153	values_word_embedding_mode_3
154	values_word_embedding_mode_4
155	values_word_embedding_mode_5
156	values_word_embedding_mode_6
157	values_word_embedding_mode_7
158	values_word_embedding_mode_8
159	values_word_embedding_mode_9
160	values_word_embedding_mode_10
161	values_word_embedding_mode_11
162	values_word_embedding_mode_12
163	values_word_embedding_mode_13
164	values_word_embedding_mode_14
165	values_word_embedding_mode_15
166	values_word_embedding_mode_16
167	values_word_embedding_mode_17
168	values_word_embedding_mode_18
169	values_word_embedding_mode_19
170	values_word_embedding_mode_20
171	values_word_embedding_mode_21
172	values_word_embedding_mode_22
173	values_word_embedding_mode_23
174	values_word_embedding_mode_24
175	values_word_embedding_mode_25
176	values_word_embedding_mode_26
177	values_word_embedding_mode_27
178	values_word_embedding_mode_28
179	values_word_embedding_mode_29
180	values_word_embedding_mode_30
181	values_word_embedding_mode_31
182	values_word_embedding_mode_32
183	values_word_embedding_mode_33
184	values_word_embedding_mode_34
185	values_word_embedding_mode_35
186	values_word_embedding_mode_36
187	values_word_embedding_mode_37
188	values_word_embedding_mode_38
189	values_word_embedding_mode_39
190	values_word_embedding_mode_40
191	values_word_embedding_mode_41
192	values_word_embedding_mode_42
193	values_word_embedding_mode_43
194	values_word_embedding_mode_44
195	values_word_embedding_mode_45
196	values_word_embedding_mode_46
197	values_word_embedding_mode_47
198	values_word_embedding_mode_48
199	values_word_embedding_mode_49
200	values_word_embedding_feature
201	table_name_word_embedding_avg_0
202	table_name_word_embedding_avg_1
203	table_name_word_embedding_avg_2
204	table_name_word_embedding_avg_3
205	table_name_word_embedding_avg_4
206	table_name_word_embedding_avg_5
207	table_name_word_embedding_avg_6
208	table_name_word_embedding_avg_7
209	table_name_word_embedding_avg_8
210	table_name_word_embedding_avg_9
211	table_name_word_embedding_avg_10
212	table_name_word_embedding_avg_11
213	table_name_word_embedding_avg_12
214	table_name_word_embedding_avg_13
215	table_name_word_embedding_avg_14
216	table_name_word_embedding_avg_15
217	table_name_word_embedding_avg_16
218	table_name_word_embedding_avg_17
219	table_name_word_embedding_avg_18
220	table_name_word_embedding_avg_19
221	table_name_word_embedding_avg_20
222	table_name_word_embedding_avg_21
223	table_name_word_embedding_avg_22
224	table_name_word_embedding_avg_23
225	table_name_word_embedding_avg_24
226	table_name_word_embedding_avg_25
227	table_name_word_embedding_avg_26
228	table_name_word_embedding_avg_27
229	table_name_word_embedding_avg_28
230	table_name_word_embedding_avg_29
231	table_name_word_embedding_avg_30
232	table_name_word_embedding_avg_31
233	table_name_word_embedding_avg_32
234	table_name_word_embedding_avg_33
235	table_name_word_embedding_avg_34
236	table_name_word_embedding_avg_35
237	table_name_word_embedding_avg_36
238	table_name_word_embedding_avg_37
239	table_name_word_embedding_avg_38
240	table_name_word_embedding_avg_39
241	table_name_word_embedding_avg_40
242	table_name_word_embedding_avg_41
243	table_name_word_embedding_avg_42
244	table_name_word_embedding_avg_43
245	table_name_word_embedding_avg_44
246	table_name_word_embedding_avg_45
247	table_name_word_embedding_avg_46
248	table_name_word_embedding_avg_47
249	table_name_word_embedding_avg_48
250	table_name_word_embedding_avg_49
251	table_name_word_embedding_std_0
252	table_name_word_embedding_std_1
253	table_name_word_embedding_std_2
254	table_name_word_embedding_std_3
255	table_name_word_embedding_std_4
256	table_name_word_embedding_std_5
257	table_name_word_embedding_std_6
258	table_name_word_embedding_std_7
259	table_name_word_embedding_std_8
260	table_name_word_embedding_std_9
261	table_name_word_embedding_std_10
262	table_name_word_embedding_std_11
263	table_name_word_embedding_std_12
264	table_name_word_embedding_std_13
265	table_name_word_embedding_std_14
266	table_name_word_embedding_std_15
267	table_name_word_embedding_std_16
268	table_name_word_embedding_std_17
269	table_name_word_embedding_std_18
270	table_name_word_embedding_std_19
271	table_name_word_embedding_std_20
272	table_name_word_embedding_std_21
273	table_name_word_embedding_std_22
274	table_name_word_embedding_std_23
275	table_name_word_embedding_std_24
276	table_name_word_embedding_std_25
277	table_name_word_embedding_std_26
278	table_name_word_embedding_std_27
279	table_name_word_embedding_std_28
280	table_name_word_embedding_std_29
281	table_name_word_embedding_std_30
282	table_name_word_embedding_std_31
283	table_name_word_embedding_std_32
284	table_name_word_embedding_std_33
285	table_name_word_embedding_std_34
286	table_name_word_embedding_std_35
287	table_name_word_embedding_std_36
288	table_name_word_embedding_std_37
289	table_name_word_embedding_std_38
290	table_name_word_embedding_std_39
291	table_name_word_embedding_std_40
292	table_name_word_embedding_std_41
293	table_name_word_embedding_std_42
294	table_name_word_embedding_std_43
295	table_name_word_embedding_std_44
296	table_name_word_embedding_std_45
297	table_name_word_embedding_std_46
298	table_name_word_embedding_std_47
299	table_name_word_embedding_std_48
300	table_name_word_embedding_std_49
301	table_name_word_embedding_med_0
302	table_name_word_embedding_med_1
303	table_name_word_embedding_med_2
304	table_name_word_embedding_med_3
305	table_name_word_embedding_med_4
306	table_name_word_embedding_med_5
307	table_name_word_embedding_med_6
308	table_name_word_embedding_med_7
309	table_name_word_embedding_med_8
310	table_name_word_embedding_med_9
311	table_name_word_embedding_med_10
312	table_name_word_embedding_med_11
313	table_name_word_embedding_med_12
314	table_name_word_embedding_med_13
315	table_name_word_embedding_med_14
316	table_name_word_embedding_med_15
317	table_name_word_embedding_med_16
318	table_name_word_embedding_med_17
319	table_name_word_embedding_med_18
320	table_name_word_embedding_med_19
321	table_name_word_embedding_med_20
322	table_name_word_embedding_med_21
323	table_name_word_embedding_med_22
324	table_name_word_embedding_med_23
325	table_name_word_embedding_med_24
326	table_name_word_embedding_med_25
327	table_name_word_embedding_med_26
328	table_name_word_embedding_med_27
329	table_name_word_embedding_med_28
330	table_name_word_embedding_med_29
331	table_name_word_embedding_med_30
332	table_name_word_embedding_med_31
333	table_name_word_embedding_med_32
334	table_name_word_embedding_med_33
335	table_name_word_embedding_med_34
336	table_name_word_embedding_med_35
337	table_name_word_embedding_med_36
338	table_name_word_embedding_med_37
339	table_name_word_embedding_med_38
340	table_name_word_embedding_med_39
341	table_name_word_embedding_med_40
342	table_name_word_embedding_med_41
343	table_name_word_embedding_med_42
344	table_name_word_embedding_med_43
345	table_name_word_embedding_med_44
346	table_name_word_embedding_med_45
347	table_name_word_embedding_med_46
348	table_name_word_embedding_med_47
349	table_name_word_embedding_med_48
350	table_name_word_embedding_med_49
351	table_name_word_embedding_mode_0
352	table_name_word_embedding_mode_1
353	table_name_word_embedding_mode_2
354	table_name_word_embedding_mode_3
355	table_name_word_embedding_mode_4
356	table_name_word_embedding_mode_5
357	table_name_word_embedding_mode_6
358	table_name_word_embedding_mode_7
359	table_name_word_embedding_mode_8
360	table_name_word_embedding_mode_9
361	table_name_word_embedding_mode_10
362	table_name_word_embedding_mode_11
363	table_name_word_embedding_mode_12
364	table_name_word_embedding_mode_13
365	table_name_word_embedding_mode_14
366	table_name_word_embedding_mode_15
367	table_name_word_embedding_mode_16
368	table_name_word_embedding_mode_17
369	table_name_word_embedding_mode_18
370	table_name_word_embedding_mode_19
371	table_name_word_embedding_mode_20
372	table_name_word_embedding_mode_21
373	table_name_word_embedding_mode_22
374	table_name_word_embedding_mode_23
375	table_name_word_embedding_mode_24
376	table_name_word_embedding_mode_25
377	table_name_word_embedding_mode_26
378	table_name_word_embedding_mode_27
379	table_name_word_embedding_mode_28
380	table_name_word_embedding_mode_29
381	table_name_word_embedding_mode_30
382	table_name_word_embedding_mode_31
383	table_name_word_embedding_mode_32
384	table_name_word_embedding_mode_33
385	table_name_word_embedding_mode_34
386	table_name_word_embedding_mode_35
387	table_name_word_embedding_mode_36
388	table_name_word_embedding_mode_37
389	table_name_word_embedding_mode_38
390	table_name_word_embedding_mode_39
391	table_name_word_embedding_mode_40
392	table_name_word_embedding_mode_41
393	table_name_word_embedding_mode_42
394	table_name_word_embedding_mode_43
395	table_name_word_embedding_mode_44
396	table_name_word_embedding_mode_45
397	table_name_word_embedding_mode_46
398	table_name_word_embedding_mode_47
399	table_name_word_embedding_mode_48
400	table_name_word_embedding_mode_49
401	table_name_word_embedding_feature
402	column_name_word_embedding_avg_0
403	column_name_word_embedding_avg_1
404	column_name_word_embedding_avg_2
405	column_name_word_embedding_avg_3
406	column_name_word_embedding_avg_4
407	column_name_word_embedding_avg_5
408	column_name_word_embedding_avg_6
409	column_name_word_embedding_avg_7
410	column_name_word_embedding_avg_8
411	column_name_word_embedding_avg_9
412	column_name_word_embedding_avg_10
413	column_name_word_embedding_avg_11
414	column_name_word_embedding_avg_12
415	column_name_word_embedding_avg_13
416	column_name_word_embedding_avg_14
417	column_name_word_embedding_avg_15
418	column_name_word_embedding_avg_16
419	column_name_word_embedding_avg_17
420	column_name_word_embedding_avg_18
421	column_name_word_embedding_avg_19
422	column_name_word_embedding_avg_20
423	column_name_word_embedding_avg_21
424	column_name_word_embedding_avg_22
425	column_name_word_embedding_avg_23
426	column_name_word_embedding_avg_24
427	column_name_word_embedding_avg_25
428	column_name_word_embedding_avg_26
429	column_name_word_embedding_avg_27
430	column_name_word_embedding_avg_28
431	column_name_word_embedding_avg_29
432	column_name_word_embedding_avg_30
433	column_name_word_embedding_avg_31
434	column_name_word_embedding_avg_32
435	column_name_word_embedding_avg_33
436	column_name_word_embedding_avg_34
437	column_name_word_embedding_avg_35
438	column_name_word_embedding_avg_36
439	column_name_word_embedding_avg_37
440	column_name_word_embedding_avg_38
441	column_name_word_embedding_avg_39
442	column_name_word_embedding_avg_40
443	column_name_word_embedding_avg_41
444	column_name_word_embedding_avg_42
445	column_name_word_embedding_avg_43
446	column_name_word_embedding_avg_44
447	column_name_word_embedding_avg_45
448	column_name_word_embedding_avg_46
449	column_name_word_embedding_avg_47
450	column_name_word_embedding_avg_48
451	column_name_word_embedding_avg_49
452	column_name_word_embedding_std_0
453	column_name_word_embedding_std_1
454	column_name_word_embedding_std_2
455	column_name_word_embedding_std_3
456	column_name_word_embedding_std_4
457	column_name_word_embedding_std_5
458	column_name_word_embedding_std_6
459	column_name_word_embedding_std_7
460	column_name_word_embedding_std_8
461	column_name_word_embedding_std_9
462	column_name_word_embedding_std_10
463	column_name_word_embedding_std_11
464	column_name_word_embedding_std_12
465	column_name_word_embedding_std_13
466	column_name_word_embedding_std_14
467	column_name_word_embedding_std_15
468	column_name_word_embedding_std_16
469	column_name_word_embedding_std_17
470	column_name_word_embedding_std_18
471	column_name_word_embedding_std_19
472	column_name_word_embedding_std_20
473	column_name_word_embedding_std_21
474	column_name_word_embedding_std_22
475	column_name_word_embedding_std_23
476	column_name_word_embedding_std_24
477	column_name_word_embedding_std_25
478	column_name_word_embedding_std_26
479	column_name_word_embedding_std_27
480	column_name_word_embedding_std_28
481	column_name_word_embedding_std_29
482	column_name_word_embedding_std_30
483	column_name_word_embedding_std_31
484	column_name_word_embedding_std_32
485	column_name_word_embedding_std_33
486	column_name_word_embedding_std_34
487	column_name_word_embedding_std_35
488	column_name_word_embedding_std_36
489	column_name_word_embedding_std_37
490	column_name_word_embedding_std_38
491	column_name_word_embedding_std_39
492	column_name_word_embedding_std_40
493	column_name_word_embedding_std_41
494	column_name_word_embedding_std_42
495	column_name_word_embedding_std_43
496	column_name_word_embedding_std_44
497	column_name_word_embedding_std_45
498	column_name_word_embedding_std_46
499	column_name_word_embedding_std_47
500	column_name_word_embedding_std_48
501	column_name_word_embedding_std_49
502	column_name_word_embedding_med_0
503	column_name_word_embedding_med_1
504	column_name_word_embedding_med_2
505	column_name_word_embedding_med_3
506	column_name_word_embedding_med_4
507	column_name_word_embedding_med_5
508	column_name_word_embedding_med_6
509	column_name_word_embedding_med_7
510	column_name_word_embedding_med_8
511	column_name_word_embedding_med_9
512	column_name_word_embedding_med_10
513	column_name_word_embedding_med_11
514	column_name_word_embedding_med_12
515	column_name_word_embedding_med_13
516	column_name_word_embedding_med_14
517	column_name_word_embedding_med_15
518	column_name_word_embedding_med_16
519	column_name_word_embedding_med_17
520	column_name_word_embedding_med_18
521	column_name_word_embedding_med_19
522	column_name_word_embedding_med_20
523	column_name_word_embedding_med_21
524	column_name_word_embedding_med_22
525	column_name_word_embedding_med_23
526	column_name_word_embedding_med_24
527	column_name_word_embedding_med_25
528	column_name_word_embedding_med_26
529	column_name_word_embedding_med_27
530	column_name_word_embedding_med_28
531	column_name_word_embedding_med_29
532	column_name_word_embedding_med_30
533	column_name_word_embedding_med_31
534	column_name_word_embedding_med_32
535	column_name_word_embedding_med_33
536	column_name_word_embedding_med_34
537	column_name_word_embedding_med_35
538	column_name_word_embedding_med_36
539	column_name_word_embedding_med_37
540	column_name_word_embedding_med_38
541	column_name_word_embedding_med_39
542	column_name_word_embedding_med_40
543	column_name_word_embedding_med_41
544	column_name_word_embedding_med_42
545	column_name_word_embedding_med_43
546	column_name_word_embedding_med_44
547	column_name_word_embedding_med_45
548	column_name_word_embedding_med_46
549	column_name_word_embedding_med_47
550	column_name_word_embedding_med_48
551	column_name_word_embedding_med_49
552	column_name_word_embedding_mode_0
553	column_name_word_embedding_mode_1
554	column_name_word_embedding_mode_2
555	column_name_word_embedding_mode_3
556	column_name_word_embedding_mode_4
557	column_name_word_embedding_mode_5
558	column_name_word_embedding_mode_6
559	column_name_word_embedding_mode_7
560	column_name_word_embedding_mode_8
561	column_name_word_embedding_mode_9
562	column_name_word_embedding_mode_10
563	column_name_word_embedding_mode_11
564	column_name_word_embedding_mode_12
565	column_name_word_embedding_mode_13
566	column_name_word_embedding_mode_14
567	column_name_word_embedding_mode_15
568	column_name_word_embedding_mode_16
569	column_name_word_embedding_mode_17
570	column_name_word_embedding_mode_18
571	column_name_word_embedding_mode_19
572	column_name_word_embedding_mode_20
573	column_name_word_embedding_mode_21
574	column_name_word_embedding_mode_22
575	column_name_word_embedding_mode_23
576	column_name_word_embedding_mode_24
577	column_name_word_embedding_mode_25
578	column_name_word_embedding_mode_26
579	column_name_word_embedding_mode_27
580	column_name_word_embedding_mode_28
581	column_name_word_embedding_mode_29
582	column_name_word_embedding_mode_30
583	column_name_word_embedding_mode_31
584	column_name_word_embedding_mode_32
585	column_name_word_embedding_mode_33
586	column_name_word_embedding_mode_34
587	column_name_word_embedding_mode_35
588	column_name_word_embedding_mode_36
589	column_name_word_embedding_mode_37
590	column_name_word_embedding_mode_38
591	column_name_word_embedding_mode_39
592	column_name_word_embedding_mode_40
593	column_name_word_embedding_mode_41
594	column_name_word_embedding_mode_42
595	column_name_word_embedding_mode_43
596	column_name_word_embedding_mode_44
597	column_name_word_embedding_mode_45
598	column_name_word_embedding_mode_46
599	column_name_word_embedding_mode_47
600	column_name_word_embedding_mode_48
601	column_name_word_embedding_mode_49
602	column_name_word_embedding_feature